{
  "Version": "1.2",
  "ModID": "Taludas_PortraitsFrom2070",
  "IncompatibleIds": null,
  "ModDependencies": null,
  "Category": {
    "Chinese": "Misc",
    "English": "Misc",
    "French": "Misc",
    "German": "Misc",
    "Italian": "Misc",
    "Japanese": "Misc",
    "Korean": "Misc",
    "Polish": "Misc",
    "Russian": "Misc",
    "Spanish": "Misc",
    "Taiwanese": "Misc"
  },
  "ModName": {
    "Chinese": "Portraits from 2070",
    "English": "Portraits from 2070",
    "French": "Portraits from 2070",
    "German": "Portraits from 2070",
    "Italian": "Portraits from 2070",
    "Japanese": "Portraits from 2070",
    "Korean": "Portraits from 2070",
    "Polish": "Portraits from 2070",
    "Russian": "Portraits from 2070",
    "Spanish": "Portraits from 2070",
    "Taiwanese": "Portraits from 2070"
  },
  "Description": {
    "Chinese": null,
    "English": "With this mod, some of the iconic people from Anno 2070 return as time travellers to Anno 1800 for you to play.",
    "French": null,
    "German": "Mit dieser Mod kehren einige der ikonischen Personen aus Anno 2070 als Zeitreisende nach Anno 1800 zurück, die du nun spielen kannst.",
    "Italian": null,
    "Japanese": null,
    "Korean": null,
    "Polish": null,
    "Russian": null,
    "Spanish": null,
    "Taiwanese": null
  },
  "KnownIssues": 
  [
    {
      "Chinese": null,
      "English": null,
      "French": null,
      "German": null,
      "Italian": null,
      "Japanese": null,
      "Korean": null,
      "Polish": null,
      "Russian": null,
      "Spanish": null,
      "Taiwanese": null
    }
  ],
  "DLCDependencies": [
    {
      "DLC": null
    }
  ],
  "CreatorName": "Taludas",
  "CreatorContact": "https://github.com/Taludas/PortraitMods",
  "Image": null
}
