{
  "Version": "1.2",
  "ModID": "Taludas_MorePortraitsatGamestart",
  "IncompatibleIds": null,
  "ModDependencies": null,
  "Category": {
    "Chinese": "Misc",
    "English": "Misc",
    "French": "Misc",
    "German": "Misc",
    "Italian": "Misc",
    "Japanese": "Misc",
    "Korean": "Misc",
    "Polish": "Misc",
    "Russian": "Misc",
    "Spanish": "Misc",
    "Taiwanese": "Misc"
  },
  "ModName": {
    "Chinese": "More Portaits at Gamestart",
    "English": "More Portaits at Gamestart",
    "French": "More Portaits at Gamestart",
    "German": "More Portaits at Gamestart",
    "Italian": "More Portaits at Gamestart",
    "Japanese": "More Portaits at Gamestart",
    "Korean": "More Portaits at Gamestart",
    "Polish": "More Portaits at Gamestart",
    "Russian": "More Portaits at Gamestart",
    "Spanish": "More Portaits at Gamestart",
    "Taiwanese": "More Portaits at Gamestart"
  },
  "Description": {
    "Chinese": null,
    "English": "With this mod, ALL portraits from Anno 1800 previously not available for selection can now be used by you for character creation.",
    "French": null,
    "German": "Mit dieser Mod können nun ALLE Porträts aus Anno 1800, die bisher nicht zur Auswahl standen, von euch zur Charaktererstellung verwendet werden.",
    "Italian": null,
    "Japanese": null,
    "Korean": null,
    "Polish": null,
    "Russian": null,
    "Spanish": null,
    "Taiwanese": null
  },
  "KnownIssues": 
  [
    {
      "Chinese": null,
      "English": null,
      "French": null,
      "German": null,
      "Italian": null,
      "Japanese": null,
      "Korean": null,
      "Polish": null,
      "Russian": null,
      "Spanish": null,
      "Taiwanese": null
    }
  ],
  "DLCDependencies": [
    {
      "DLC": null
    }
  ],
  "CreatorName": "Taludas",
  "CreatorContact": "https://github.com/Taludas/PortraitMods",
  "Image": null
}
